{"booster": "dart", "lambda": 0.027899343813320206, "alpha": 6.645419741159056e-08, "subsample": 0.7970952489523347, "colsample_bytree": 0.6529288715068651, "max_depth": 44, "min_child_weight": 5, "eta": 0.6946846733929531, "gamma": 0.40023014808557217, "grow_policy": "depthwise", "sample_type": "weighted", "normalize_type": "forest", "rate_drop": 0.9757015105398882, "skip_drop": 2.86041604442057e-06}