{"beta1": 0.5492807193624646, "beta2": 0.9395905275034945, "gamma": 0.13018854602296806, "high": 70.79751424358135, "low": 20.838644096441634, "lr": 0.006055766646746346, "weight_decay": 0.0006379816188205334}