{"beta1": 0.8880729747943321, "beta2": 0.9095827777549033, "gamma": 0.06073372333008046, "high": 86.08679575967315, "low": 22.271339974925503, "lr": 1.2543304942829243e-05, "weight_decay": 0.00041700505004850714}