,Memory_PssTotal,Memory_PssClean,Memory_SharedDirty,Memory_PrivateDirty,Memory_SharedClean,Memory_PrivateClean,Memory_HeapSize,Memory_HeapAlloc,Memory_HeapFree,Memory_Views,Memory_ViewRootImpl,Memory_AppContexts,Memory_Activities,Memory_Assets,Memory_LocalBinders,Memory_ProxyBinders,Memory_ParcelMemory,Memory_ParcelCount,Memory_DeathRecipients,Memory_OpenSSLSockets,Memory_WebViews
count,53439.0,53439.0,53439.0,53439.0,53439.0,53439.0,53439.0,53439.0,53439.0,53439.0,53439.0,53439.0,53439.0,53439.0,53439.0,53439.0,53439.0,53439.0,53439.0,53439.0,53439.0
mean,70918.39903441307,12742.597428844103,10855.112258837178,47633.930649899885,87981.10750575422,14316.579801268736,22279.227231048484,17541.766163288983,4736.4687587716835,89.03841763506054,2.917644416998821,6.19126480660192,2.266546903946556,2.926664046857164,20.4220513108404,31.720391474391363,9.277007429031231,30.76588259510844,0.8778607384120212,0.29364321937161997,0.7225247478433354
std,36366.690217235286,12894.559046291093,2144.3609976938797,29898.257373726803,15859.4955495814,13463.546087428624,12502.584218528284,10458.311682770607,2920.0078631461292,247.55304288357746,5.6485689952664275,5.291456793458499,4.65259931386658,1.8578834491380527,18.58786791673994,7.677878135857661,14.612777356818382,33.224722991230415,1.4089093589683213,1.9220958511026485,2.3889521289533144
min,4506.0,0.0,7036.0,12.0,4268.0,0.0,5113.0,3249.0,983.0,0.0,0.0,0.0,0.0,1.0,1.0,21.0,1.0,6.0,0.0,0.0,0.0
25%,46165.0,3968.0,10540.0,31968.0,76642.0,4980.0,13486.5,10669.5,2993.0,9.0,1.0,4.0,1.0,2.0,10.0,27.0,4.0,15.0,0.0,0.0,0.0
50%,61284.0,6340.0,10728.0,41432.0,89536.0,8176.0,20468.0,16575.0,4068.0,35.0,2.0,6.0,2.0,2.0,17.0,32.0,7.0,25.0,0.0,0.0,0.0
75%,91740.0,20048.0,11144.0,55358.0,99052.0,21748.0,28735.5,22840.0,5845.0,116.0,4.0,7.0,3.0,4.0,30.0,36.0,12.0,41.0,2.0,0.0,0.0
max,829169.0,106360.0,446548.0,826672.0,183600.0,110336.0,310155.0,286959.0,88630.0,29850.0,504.0,451.0,446.0,122.0,1931.0,531.0,1695.0,4311.0,11.0,92.0,121.0
